Date,Type,Description,Result,Issues
2014-05,Security,Password policy update,Success,None
2015-08,Performance,Query optimization,Partial,Slow queries
2016-11,Security,MD5 patch,Failed,Reverted
2017-04,Bug fix,Memory leak fix,Success,New memory issues
2018-09,Performance,Index optimization,Partial,Query timeouts
2019-12,Security,Access control update,Success,Login delays
2020-06,Bug fix,Report engine patch,Failed,Manual fix required
2021-10,Performance,Cache optimization,Partial,Cache corruption
2022-03,Security,Authentication update,Failed,Rollback
2023-07,Bug fix,Session management,Success,New timeout issues
2024-02,Performance,System optimization,Failed,Performance degraded